<?xml version="1.0" encoding="utf-8" ?>
<root>
	<mapping from="tiww" to="tma" rotate="0" notchappoint="" trimdir="">
		<field from="WAFERID" to="WaferID"></field>
		<field from="DEVICE" to="Device"></field>
		<field from="LOT" to="LotNo"></field>
	</mapping>
	<mapping from="tiww" to="tsk" rotate="0" notchappoint="" trimdir="">
		<field from="WAFERID" to="WaferID"></field>
		<field from="LOT" to="LotNo"></field>
	</mapping>
	<mapping from="tsk" to="sinf" rotate="0" notchappoint="" trimdir="down">
		<field from="Device" to="Device"></field>
		<field from="LotNo" to="LotNo"></field>
		<field from="FlatDir" to="Fnloc"></field>
		<field from="WaferID" to="Wafer"></field>
		<field from="Refpx" to="Refpx"></field>
		<field from="Refpy" to="Refpy"></field>
	</mapping>
	<mapping from="tsk" to="cmdtxt" rotate="0" notchappoint="" trimdir="">
	</mapping>
	<mapping from="tsk" to="tma" rotate="0">
		<field from="Device" to="Device"></field>
		<field from="LotNo" to="LotNo"></field>
		<field from="SlotNo" to="SlotNo"></field>
		<field from="WaferID" to="WaferID"></field>
		<field from="Operator" to="Operater"></field>
		<field from="WaferSize" to="WaferSize"></field>
		<field from="FlatDir" to="FlatDir"></field>
		<field from="StartTime" to="TestStartTime"></field>
		<field from="EndTime" to="TestFinishTime"></field>
		<field from="LoadTime" to="LoadTime"></field>
		<field from="UnloadTime" to="UnloadTime"></field>
		<field from="TotalDie" to="TotalDie"></field>
		<field from="PassDie" to="PassDie"></field>
		<field from="FailDie" to="FailDie"></field>
	</mapping>
</root>