<?xml version="1.0" encoding="UTF-8"?><?xml-stylesheet type='text/xsl' href='_UpgradeReport_Files/UpgradeReport.xslt'?><UpgradeLog>
<Properties><Property Name="Solution" Value="Tsk update">
</Property><Property Name="解决方案文件" Value="D:\软件开发\Tsk update-V519(只改槽位)\Tsk update.sln">
</Property><Property Name="用户选项文件" Value="D:\软件开发\Tsk update-V519(只改槽位)\Tsk update.suo">
</Property><Property Name="Date" Value="2017年12月20日">
</Property><Property Name="Time" Value="15:40">
</Property></Properties><Event ErrorLevel="0" Project="" Source="Tsk update.sln" Description="文件已成功备份为 D:\软件开发\Tsk update-V519(只改槽位)\Backup\Tsk update.sln">
</Event><Event ErrorLevel="0" Project="" Source="Tsk update.suo" Description="文件已成功备份为 D:\软件开发\Tsk update-V519(只改槽位)\Backup\Tsk update.suo">
</Event><Event ErrorLevel="0" Project="Tsk update" Source="Tsk update\Tsk update.csproj" Description="项目文件已成功备份为 D:\软件开发\Tsk update-V519(只改槽位)\Backup\Tsk update\Tsk update.csproj">
</Event><Event ErrorLevel="0" Project="Tsk update" Source="Tsk update\File\ImappingFile.cs" Description="文件已成功备份为 D:\软件开发\Tsk update-V519(只改槽位)\Backup\Tsk update\File\ImappingFile.cs">
</Event><Event ErrorLevel="0" Project="Tsk update" Source="Tsk update\File\MappingBase.cs" Description="文件已成功备份为 D:\软件开发\Tsk update-V519(只改槽位)\Backup\Tsk update\File\MappingBase.cs">
</Event><Event ErrorLevel="0" Project="Tsk update" Source="Tsk update\File\Tsk.cs" Description="文件已成功备份为 D:\软件开发\Tsk update-V519(只改槽位)\Backup\Tsk update\File\Tsk.cs">
</Event><Event ErrorLevel="0" Project="Tsk update" Source="Tsk update\Form1.cs" Description="文件已成功备份为 D:\软件开发\Tsk update-V519(只改槽位)\Backup\Tsk update\Form1.cs">
</Event><Event ErrorLevel="0" Project="Tsk update" Source="Tsk update\Form1.Designer.cs" Description="文件已成功备份为 D:\软件开发\Tsk update-V519(只改槽位)\Backup\Tsk update\Form1.Designer.cs">
</Event><Event ErrorLevel="0" Project="Tsk update" Source="Tsk update\Program.cs" Description="文件已成功备份为 D:\软件开发\Tsk update-V519(只改槽位)\Backup\Tsk update\Program.cs">
</Event><Event ErrorLevel="0" Project="Tsk update" Source="Tsk update\Properties\AssemblyInfo.cs" Description="文件已成功备份为 D:\软件开发\Tsk update-V519(只改槽位)\Backup\Tsk update\Properties\AssemblyInfo.cs">
</Event><Event ErrorLevel="0" Project="Tsk update" Source="Tsk update\Properties\Resources.Designer.cs" Description="文件已成功备份为 D:\软件开发\Tsk update-V519(只改槽位)\Backup\Tsk update\Properties\Resources.Designer.cs">
</Event><Event ErrorLevel="0" Project="Tsk update" Source="Tsk update\Properties\Settings.Designer.cs" Description="文件已成功备份为 D:\软件开发\Tsk update-V519(只改槽位)\Backup\Tsk update\Properties\Settings.Designer.cs">
</Event><Event ErrorLevel="0" Project="Tsk update" Source="Tsk update\Util\Define.cs" Description="文件已成功备份为 D:\软件开发\Tsk update-V519(只改槽位)\Backup\Tsk update\Util\Define.cs">
</Event><Event ErrorLevel="0" Project="Tsk update" Source="Tsk update\Properties\Settings.settings" Description="文件已成功备份为 D:\软件开发\Tsk update-V519(只改槽位)\Backup\Tsk update\Properties\Settings.settings">
</Event><Event ErrorLevel="0" Project="Tsk update" Source="Tsk update\Form1.resx" Description="文件已成功备份为 D:\软件开发\Tsk update-V519(只改槽位)\Backup\Tsk update\Form1.resx">
</Event><Event ErrorLevel="0" Project="Tsk update" Source="Tsk update\Properties\Resources.resx" Description="文件已成功备份为 D:\软件开发\Tsk update-V519(只改槽位)\Backup\Tsk update\Properties\Resources.resx">
</Event><Event ErrorLevel="1" Project="Tsk update" Source="Tsk update\Tsk update.csproj" Description="您的项目以 .NET Framework 2.0 或 3.0 为目标。如果您的项目使用的程序集需要更新的 .NET Framework，则项目生成将失败。通过单击项目菜单上的“属性”，然后在“.NET Framework”下拉框中选择一个新版本，可以更改 .NET Framework 的版本。(在 Visual Basic 中，可在单击“高级编辑器选项...”按钮时显示的“编译”选项卡上找到此下拉框。)">
</Event><Event ErrorLevel="0" Project="Tsk update" Source="Tsk update\Tsk update.csproj" Description="项目已成功转换">
</Event><Event ErrorLevel="3" Project="Tsk update" Source="Tsk update\Tsk update.csproj" Description="Converted">
</Event><Event ErrorLevel="0" Project="" Source="Tsk update.sln" Description="成功转换解决方案">
</Event><Event ErrorLevel="3" Project="" Source="Tsk update.sln" Description="Converted">
</Event><Event ErrorLevel="0" Project="Tsk update" Source="Tsk update\Tsk update.csproj" Description="扫描完成: 项目文件不需要升级。">
</Event></UpgradeLog>